Workbook

Sheet Student Tracker
A1: GCSE SCIENCE COMPREHENSIVE STUDENT PROGRESS & TOPIC TRACKER
A3: STUDENT DEMOGRAPHICS & PROFILE | J3: BIOLOGY TOPIC ASSESSMENTS (/35) | Q3: CHEMISTRY TOPIC ASSESSMENTS (/35) | AA3: PHYSICS TOPIC ASSESSMENTS (/35) | AI3: PERFORMANCE METRICS & INTERVENTION TRACKING
A4: Student ID | B4: Student Name | C4: Year | D4: Age | E4: Exam Board | F4: Study Programme | G4: Tier (H/F) | H4: Baseline Grade | I4: Predicted Grade | J4: B1: Cells | K4: B2: Organs | L4: B3: Infection | M4: B4: Bioenerg | N4: B5: Homeo | O4: B6: Inherit | P4: B7: Ecology | Q4: C1: Atoms | R4: C2: Bonding | S4: C3: Quant Chem | T4: C4: Chem Change | U4: C5: Energy | V4: C6: Rates | W4: C7: Organic | X4: C8: Analysis | Y4: C9: Atmos | Z4: C10: Resources | AA4: P1: Energy | AB4: P2: Electric | AC4: P3: Particle | AD4: P4: Atomic | AE4: P5: Forces | AF4: P6: Waves | AG4: P7: Magnet | AH4: P8: Space* | AI4: Avg Mark (/35) | AJ4: Avg % | AK4: Projected Grade | AL4: Progress vs Baseline | AM4: Intervention Flag | AN4: Focus / Action Priority | AO4: Outstanding Practicals | AP4: Practical Compliance Flag
A5: SCI-101 | B5: Zayan Ahmed | C5: 11 | D5: 15 | E5: AQA | F5: Combined Science | G5: Higher (H) | H5: 6 | I5: 7 | J5: 25 | K5: 24 | L5: 26 | M5: 22 | N5: 27 | O5: 24 | P5: 25 | Q5: 23 | R5: 26 | S5: 21 | T5: 24 | U5: 22 | V5: 25 | W5: 23 | X5: 24 | Y5: 25 | Z5: 26 | AA5: 24 | AB5: 23 | AC5: 25 | AD5: 26 | AE5: 23 | AF5: 22 | AI5: =AVERAGE(J5:AH5) | AJ5: =AI5/35 | AK5: =IF(ISNUMBER(SEARCH("Higher", G5)), IF(AJ5>=0.77, 9, IF(AJ5>=0.66, 8, IF(AJ5>=0.57, 7, IF(AJ5>=0.46, 6, IF(AJ5>=0.37, 5, IF(AJ5>=0.29, 4, IF(AJ5>=0.2, 3, "U"))))))), IF(AJ5>=0.63, 5, IF(AJ5>=0.51, 4, IF(AJ5>=0.4, 3, IF(AJ5>=0.28, 2, IF(AJ5>=0.18, 1, "U")))))) | AL5: =IF(ISNUMBER(AK5), AK5-H5, "N/A") | AM5: =IF(AK5>=I5, "On Track / Target Met", IF(AK5=I5-1, "At Risk (1 Grade Below)", "URGENT INTERVENTION (2+ Grades Below)")) | AN5: Quantitative Chemistry & Moles | AO5: ='Required Practicals Tracker'!H32 | AP5: =IF(AO5=0, "Fully Compliant (100%)", IF(AO5<=3, "ACTION REQUIRED (" & AO5 & " Pending)", "CRITICAL DEFICIT (" & AO5 & " Pending)"))
A6: SCI-102 | B6: Sara Khan | C6: 11 | D6: 16 | E6: AQA | F6: Triple Science | G6: Higher (H) | H6: 7 | I6: 8 | J6: 29 | K6: 28 | L6: 30 | M6: 27 | N6: 29 | O6: 28 | P6: 31 | Q6: 27 | R6: 28 | S6: 26 | T6: 28 | U6: 27 | V6: 29 | W6: 27 | X6: 28 | Y6: 29 | Z6: 30 | AA6: 28 | AB6: 27 | AC6: 29 | AD6: 30 | AE6: 27 | AF6: 26 | AG6: 29 | AI6: =AVERAGE(J6:AH6) | AJ6: =AI6/35 | AK6: =IF(ISNUMBER(SEARCH("Higher", G6)), IF(AJ6>=0.77, 9, IF(AJ6>=0.66, 8, IF(AJ6>=0.57, 7, IF(AJ6>=0.46, 6, IF(AJ6>=0.37, 5, IF(AJ6>=0.29, 4, IF(AJ6>=0.2, 3, "U"))))))), IF(AJ6>=0.63, 5, IF(AJ6>=0.51, 4, IF(AJ6>=0.4, 3, IF(AJ6>=0.28, 2, IF(AJ6>=0.18, 1, "U")))))) | AL6: =IF(ISNUMBER(AK6), AK6-H6, "N/A") | AM6: =IF(AK6>=I6, "On Track / Target Met", IF(AK6=I6-1, "At Risk (1 Grade Below)", "URGENT INTERVENTION (2+ Grades Below)")) | AN6: 6-mark extended response explanations | AO6: ='Required Practicals Tracker'!I32 | AP6: =IF(AO6=0, "Fully Compliant (100%)", IF(AO6<=3, "ACTION REQUIRED (" & AO6 & " Pending)", "CRITICAL DEFICIT (" & AO6 & " Pending)"))
A7: SCI-103 | B7: Marcus Taylor | C7: 11 | D7: 15 | E7: AQA | F7: Combined Science | G7: Foundation (F) | H7: 3 | I7: 4 | J7: 16 | K7: 14 | L7: 15 | M7: 13 | N7: 17 | O7: 15 | P7: 16 | Q7: 14 | R7: 15 | S7: 12 | T7: 14 | U7: 13 | V7: 15 | W7: 14 | X7: 16 | Y7: 15 | Z7: 14 | AA7: 13 | AB7: 14 | AC7: 15 | AD7: 16 | AE7: 14 | AF7: 13 | AI7: =AVERAGE(J7:AH7) | AJ7: =AI7/35 | AK7: =IF(ISNUMBER(SEARCH("Higher", G7)), IF(AJ7>=0.77, 9, IF(AJ7>=0.66, 8, IF(AJ7>=0.57, 7, IF(AJ7>=0.46, 6, IF(AJ7>=0.37, 5, IF(AJ7>=0.29, 4, IF(AJ7>=0.2, 3, "U"))))))), IF(AJ7>=0.63, 5, IF(AJ7>=0.51, 4, IF(AJ7>=0.4, 3, IF(AJ7>=0.28, 2, IF(AJ7>=0.18, 1, "U")))))) | AL7: =IF(ISNUMBER(AK7), AK7-H7, "N/A") | AM7: =IF(AK7>=I7, "On Track / Target Met", IF(AK7=I7-1, "At Risk (1 Grade Below)", "URGENT INTERVENTION (2+ Grades Below)")) | AN7: Electricity formula rearrangement & circuit rules | AO7: ='Required Practicals Tracker'!J32 | AP7: =IF(AO7=0, "Fully Compliant (100%)", IF(AO7<=3, "ACTION REQUIRED (" & AO7 & " Pending)", "CRITICAL DEFICIT (" & AO7 & " Pending)"))
A8: SCI-104 | B8: Aaliyah Patel | C8: 10 | D8: 14 | E8: AQA | F8: Combined Science | G8: Higher (H) | H8: 5 | I8: 6 | J8: 17 | K8: 16 | L8: 18 | M8: 15 | N8: 16 | O8: 17 | P8: 19 | Q8: 16 | R8: 18 | S8: 14 | T8: 17 | U8: 15 | V8: 16 | W8: 17 | X8: 18 | Y8: 17 | Z8: 16 | AA8: 15 | AB8: 16 | AC8: 17 | AD8: 18 | AE8: 16 | AF8: 15 | AI8: =AVERAGE(J8:AH8) | AJ8: =AI8/35 | AK8: =IF(ISNUMBER(SEARCH("Higher", G8)), IF(AJ8>=0.77, 9, IF(AJ8>=0.66, 8, IF(AJ8>=0.57, 7, IF(AJ8>=0.46, 6, IF(AJ8>=0.37, 5, IF(AJ8>=0.29, 4, IF(AJ8>=0.2, 3, "U"))))))), IF(AJ8>=0.63, 5, IF(AJ8>=0.51, 4, IF(AJ8>=0.4, 3, IF(AJ8>=0.28, 2, IF(AJ8>=0.18, 1, "U")))))) | AL8: =IF(ISNUMBER(AK8), AK8-H8, "N/A") | AM8: =IF(AK8>=I8, "On Track / Target Met", IF(AK8=I8-1, "At Risk (1 Grade Below)", "URGENT INTERVENTION (2+ Grades Below)")) | AN8: Bond energy stoichiometry & titration | AO8: ='Required Practicals Tracker'!K32 | AP8: =IF(AO8=0, "Fully Compliant (100%)", IF(AO8<=3, "ACTION REQUIRED (" & AO8 & " Pending)", "CRITICAL DEFICIT (" & AO8 & " Pending)"))
A9: SCI-105 | B9: Callum Wright | C9: 11 | D9: 16 | E9: Edexcel | F9: Triple Science | G9: Higher (H) | H9: 6 | I9: 7 | J9: 21 | K9: 19 | L9: 20 | M9: 18 | N9: 22 | O9: 21 | P9: 20 | Q9: 19 | R9: 22 | S9: 17 | T9: 20 | U9: 19 | V9: 21 | W9: 20 | X9: 22 | Y9: 21 | Z9: 20 | AA9: 19 | AB9: 18 | AC9: 21 | AD9: 22 | AE9: 18 | AF9: 17 | AG9: 21 | AI9: =AVERAGE(J9:AH9) | AJ9: =AI9/35 | AK9: =IF(ISNUMBER(SEARCH("Higher", G9)), IF(AJ9>=0.77, 9, IF(AJ9>=0.66, 8, IF(AJ9>=0.57, 7, IF(AJ9>=0.46, 6, IF(AJ9>=0.37, 5, IF(AJ9>=0.29, 4, IF(AJ9>=0.2, 3, "U"))))))), IF(AJ9>=0.63, 5, IF(AJ9>=0.51, 4, IF(AJ9>=0.4, 3, IF(AJ9>=0.28, 2, IF(AJ9>=0.18, 1, "U")))))) | AL9: =IF(ISNUMBER(AK9), AK9-H9, "N/A") | AM9: =IF(AK9>=I9, "On Track / Target Met", IF(AK9=I9-1, "At Risk (1 Grade Below)", "URGENT INTERVENTION (2+ Grades Below)")) | AN9: Newton's laws & velocity-time graph gradients | AO9: ='Required Practicals Tracker'!L32 | AP9: =IF(AO9=0, "Fully Compliant (100%)", IF(AO9<=3, "ACTION REQUIRED (" & AO9 & " Pending)", "CRITICAL DEFICIT (" & AO9 & " Pending)"))
A10: SCI-106 | B10: Elena Popa | C10: 10 | D10: 15 | E10: AQA | F10: Combined Science | G10: Higher (H) | H10: 7 | I10: 8 | J10: 27 | K10: 26 | L10: 28 | M10: 25 | N10: 28 | O10: 27 | P10: 29 | Q10: 26 | R10: 27 | S10: 24 | T10: 27 | U10: 26 | V10: 28 | W10: 25 | X10: 27 | Y10: 28 | Z10: 27 | AA10: 26 | AB10: 25 | AC10: 28 | AD10: 29 | AE10: 25 | AF10: 24 | AI10: =AVERAGE(J10:AH10) | AJ10: =AI10/35 | AK10: =IF(ISNUMBER(SEARCH("Higher", G10)), IF(AJ10>=0.77, 9, IF(AJ10>=0.66, 8, IF(AJ10>=0.57, 7, IF(AJ10>=0.46, 6, IF(AJ10>=0.37, 5, IF(AJ10>=0.29, 4, IF(AJ10>=0.2, 3, "U"))))))), IF(AJ10>=0.63, 5, IF(AJ10>=0.51, 4, IF(AJ10>=0.4, 3, IF(AJ10>=0.28, 2, IF(AJ10>=0.18, 1, "U")))))) | AL10: =IF(ISNUMBER(AK10), AK10-H10, "N/A") | AM10: =IF(AK10>=I10, "On Track / Target Met", IF(AK10=I10-1, "At Risk (1 Grade Below)", "URGENT INTERVENTION (2+ Grades Below)")) | AN10: Required practical methods & control variables | AO10: ='Required Practicals Tracker'!M32 | AP10: =IF(AO10=0, "Fully Compliant (100%)", IF(AO10<=3, "ACTION REQUIRED (" & AO10 & " Pending)", "CRITICAL DEFICIT (" & AO10 & " Pending)"))
A11: SCI-107 | B11: Maria Nadeem | C11: 11 | D11: 15 | E11: AQA | F11: Combined Science | G11: Foundation (F) | H11: 13
A12: SCI-108 | B12: Bilal Wahid | C12: 11 | D12: 15 | E12: AQA | F12: Combined Science | G12: Foundation (F) | H12: 2 | I12: 4 | J12: 13 | K12: 9 | Q12: 25 | R12: 18 | AA12: 13 | AI12: 12.5 | AJ12: 0.35714286 | AK12: =IF(ISNUMBER(SEARCH("Higher", G12)), IF(AJ12>=0.77, 9, IF(AJ12>=0.66, 8, IF(AJ12>=0.57, 7, IF(AJ12>=0.46, 6, IF(AJ12>=0.37, 5, IF(AJ12>=0.29, 4, IF(AJ12>=0.2, 3, "U"))))))), IF(AJ12>=0.63, 5, IF(AJ12>=0.51, 4, IF(AJ12>=0.4, 3, IF(AJ12>=0.28, 2, IF(AJ12>=0.18, 1, "U")))))) | AL12: =IF(ISNUMBER(AK12), AK12-H12, "N/A") | AM12: =IF(AK12>=I12, "On Track / Target Met", IF(AK12=I12-1, "At Risk (1 Grade Below)", "URGENT INTERVENTION (2+ Grades Below)")) | AN12: Core biology key terms & definitions | AO12: ='Required Practicals Tracker'!N32 | AP12: =IF(AO12=0, "Fully Compliant (100%)", IF(AO12<=3, "ACTION REQUIRED (" & AO12 & " Pending)", "CRITICAL DEFICIT (" & AO12 & " Pending)"))
A13: SCI-009 | B13: Daud Farid | C13: 10 | D13: 14 | E13: AQA | F13: Combined Science | G13: Higher (H) | H13: 29 | I13: 5
A14: SCI-119 | B14: Haashim Ali Sadiq | C14: 9 | D14: 13 | E14: AQA | F14: Combined Science | G14: Higher (H) | H14: 26 | I14: 5
A17: COHORT TOPIC AVERAGES (/35) | J17: =AVERAGE(J5:J12) | K17: =AVERAGE(K5:K12) | L17: =AVERAGE(L5:L12) | M17: =AVERAGE(M5:M12) | N17: =AVERAGE(N5:N12) | O17: =AVERAGE(O5:O12) | P17: =AVERAGE(P5:P12) | Q17: =AVERAGE(Q5:Q12) | ... AJ17: =AVERAGE(AJ5:AJ12) | AO17: =AVERAGE(AO5:AO12)

Sheet Required Practical Exam Results
A1: GCSE SCIENCE REQUIRED PRACTICAL ASSESSMENT & PROGRESS TRACKER
A3: STUDENT DEMOGRAPHICS & PROFILE | J3: BIOLOGY REQUIRED PRACTICALS (/35) | T3: CHEMISTRY REQUIRED PRACTICALS (/35) | AB3: PHYSICS REQUIRED PRACTICALS (/35) | AL3: PERFORMANCE METRICS & DATA ANALYSIS
A4: Student ID | B4: Student Name | C4: Year | D4: Age | E4: Exam Board | F4: Study Programme | G4: Tier (H/F) | H4: Baseline Grade | I4: Predicted Grade | J4: Bio RP1 Microscopy | K4: Bio RP2 Microbiology* | L4: Bio RP3 Osmosis | M4: Bio RP4 Food Tests | N4: Bio RP5 Enzymes | O4: Bio RP6 Photosynthesis | P4: Bio RP7 Reaction Time | Q4: Bio RP8 Plant Resp* | R4: Bio RP9 Field Invest | S4: Bio RP10 Decay* | T4: Chem RP1 Making Salts | U4: Chem RP2 Titration* | V4: Chem RP3 Electrolysis | W4: Chem RP4 Temp Change | X4: Chem RP5 Reaction Rates | Y4: Chem RP6 Chromatography | Z4: Chem RP7 Ion ID* | AA4: Chem RP8 Water Purif | AB4: Phys RP1 Heat Cap | AC4: Phys RP2 Thermal Ins* | AD4: Phys RP3 Resistance | AE4: Phys RP4 I-V Char | AF4: Phys RP5 Density | AG4: Phys RP6 Force & Ext | AH4: Phys RP7 Acceleration | AI4: Phys RP8 Waves | AJ4: Phys RP9 Light* | AK4: Phys RP10 Radiation | AL4: Avg Mark (/35) | AM4: Avg % | AN4: Projected Grade | AO4: Progress vs Baseline | AP4: Outstanding Practicals | AQ4: Practical Compliance Flag | AR4: Data Analysis & Priority Action
A5: ='Student Tracker'!A5 | B5: ='Student Tracker'!B5 | C5: ='Student Tracker'!C5 | D5: ='Student Tracker'!D5 | E5: ='Student Tracker'!E5 | F5: ='Student Tracker'!F5 | G5: ='Student Tracker'!G5 | H5: ='Student Tracker'!H5 | I5: ='Student Tracker'!I5 | AL5: =AVERAGEIF(J5:AK5, ">0") | AM5: =AL5/35 | AN5: =IF(ISNUMBER(SEARCH("Higher", G5)), IF(AM5>=0.77, 9, IF(AM5>=0.66, 8, IF(AM5>=0.57, 7, IF(AM5>=0.46, 6, IF(AM5>=0.37, 5, IF(AM5>=0.29, 4, IF(AM5>=0.2, 3, "U"))))))), IF(AM5>=0.63, 5, IF(AM5>=0.51, 4, IF(AM5>=0.4, 3, IF(AM5>=0.28, 2, IF(AM5>=0.18, 1, "U")))))) | AO5: =IF(ISNUMBER(AN5), AN5-H5, "N/A") | AP5: =COUNTIF(J5:AK5, 0) | AQ5: =IF(AP5=0, "Fully Compliant (100%)", IF(AP5<=3, "ACTION REQUIRED (" & AP5 & " Pending)", "CRITICAL DEFICIT (" & AP5 & " Pending)"))
A6: ='Student Tracker'!A6 | B6: ='Student Tracker'!B6 | C6: ='Student Tracker'!C6 | D6: ='Student Tracker'!D6 | E6: ='Student Tracker'!E6 | F6: ='Student Tracker'!F6 | G6: ='Student Tracker'!G6 | H6: ='Student Tracker'!H6 | I6: ='Student Tracker'!I6 | AL6: =AVERAGEIF(J6:AK6, ">0") | AM6: =AL6/35 | AN6: =IF(ISNUMBER(SEARCH("Higher", G6)), IF(AM6>=0.77, 9, IF(AM6>=0.66, 8, IF(AM6>=0.57, 7, IF(AM6>=0.46, 6, IF(AM6>=0.37, 5, IF(AM6>=0.29, 4, IF(AM6>=0.2, 3, "U"))))))), IF(AM6>=0.63, 5, IF(AM6>=0.51, 4, IF(AM6>=0.4, 3, IF(AM6>=0.28, 2, IF(AM6>=0.18, 1, "U")))))) | AO6: =IF(ISNUMBER(AN6), AN6-H6, "N/A") | AP6: =COUNTIF(J6:AK6, 0) | AQ6: =IF(AP6=0, "Fully Compliant (100%)", IF(AP6<=3, "ACTION REQUIRED (" & AP6 & " Pending)", "CRITICAL DEFICIT (" & AP6 & " Pending)"))
A7: ='Student Tracker'!A7 | B7: ='Student Tracker'!B7 | C7: ='Student Tracker'!C7 | D7: ='Student Tracker'!D7 | E7: ='Student Tracker'!E7 | F7: ='Student Tracker'!F7 | G7: ='Student Tracker'!G7 | H7: ='Student Tracker'!H7 | I7: ='Student Tracker'!I7 | AL7: =AVERAGEIF(J7:AK7, ">0") | AM7: =AL7/35 | AN7: =IF(ISNUMBER(SEARCH("Higher", G7)), IF(AM7>=0.77, 9, IF(AM7>=0.66, 8, IF(AM7>=0.57, 7, IF(AM7>=0.46, 6, IF(AM7>=0.37, 5, IF(AM7>=0.29, 4, IF(AM7>=0.2, 3, "U"))))))), IF(AM7>=0.63, 5, IF(AM7>=0.51, 4, IF(AM7>=0.4, 3, IF(AM7>=0.28, 2, IF(AM7>=0.18, 1, "U")))))) | AO7: =IF(ISNUMBER(AN7), AN7-H7, "N/A") | AP7: =COUNTIF(J7:AK7, 0) | AQ7: =IF(AP7=0, "Fully Compliant (100%)", IF(AP7<=3, "ACTION REQUIRED (" & AP7 & " Pending)", "CRITICAL DEFICIT (" & AP7 & " Pending)"))
A8: ='Student Tracker'!A8 | B8: ='Student Tracker'!B8 | C8: ='Student Tracker'!C8 | D8: ='Student Tracker'!D8 | E8: ='Student Tracker'!E8 | F8: ='Student Tracker'!F8 | G8: ='Student Tracker'!G8 | H8: ='Student Tracker'!H8 | I8: ='Student Tracker'!I8 | AL8: =AVERAGEIF(J8:AK8, ">0") | AM8: =AL8/35 | AN8: =IF(ISNUMBER(SEARCH("Higher", G8)), IF(AM8>=0.77, 9, IF(AM8>=0.66, 8, IF(AM8>=0.57, 7, IF(AM8>=0.46, 6, IF(AM8>=0.37, 5, IF(AM8>=0.29, 4, IF(AM8>=0.2, 3, "U"))))))), IF(AM8>=0.63, 5, IF(AM8>=0.51, 4, IF(AM8>=0.4, 3, IF(AM8>=0.28, 2, IF(AM8>=0.18, 1, "U")))))) | AO8: =IF(ISNUMBER(AN8), AN8-H8, "N/A") | AP8: =COUNTIF(J8:AK8, 0) | AQ8: =IF(AP8=0, "Fully Compliant (100%)", IF(AP8<=3, "ACTION REQUIRED (" & AP8 & " Pending)", "CRITICAL DEFICIT (" & AP8 & " Pending)"))
A9: ='Student Tracker'!A9 | B9: ='Student Tracker'!B9 | C9: ='Student Tracker'!C9 | D9: ='Student Tracker'!D9 | E9: ='Student Tracker'!E9 | F9: ='Student Tracker'!F9 | G9: ='Student Tracker'!G9 | H9: ='Student Tracker'!H9 | I9: ='Student Tracker'!I9 | AL9: =AVERAGEIF(J9:AK9, ">0") | AM9: =AL9/35 | AN9: =IF(ISNUMBER(SEARCH("Higher", G9)), IF(AM9>=0.77, 9, IF(AM9>=0.66, 8, IF(AM9>=0.57, 7, IF(AM9>=0.46, 6, IF(AM9>=0.37, 5, IF(AM9>=0.29, 4, IF(AM9>=0.2, 3, "U"))))))), IF(AM9>=0.63, 5, IF(AM9>=0.51, 4, IF(AM9>=0.4, 3, IF(AM9>=0.28, 2, IF(AM9>=0.18, 1, "U")))))) | AO9: =IF(ISNUMBER(AN9), AN9-H9, "N/A") | AP9: =COUNTIF(J9:AK9, 0) | AQ9: =IF(AP9=0, "Fully Compliant (100%)", IF(AP9<=3, "ACTION REQUIRED (" & AP9 & " Pending)", "CRITICAL DEFICIT (" & AP9 & " Pending)"))
A10: ='Student Tracker'!A10 | B10: ='Student Tracker'!B10 | C10: ='Student Tracker'!C10 | D10: ='Student Tracker'!D10 | E10: ='Student Tracker'!E10 | F10: ='Student Tracker'!F10 | G10: ='Student Tracker'!G10 | H10: ='Student Tracker'!H10 | I10: ='Student Tracker'!I10 | AL10: =AVERAGEIF(J10:AK10, ">0") | AM10: =AL10/35 | AN10: =IF(ISNUMBER(SEARCH("Higher", G10)), IF(AM10>=0.77, 9, IF(AM10>=0.66, 8, IF(AM10>=0.57, 7, IF(AM10>=0.46, 6, IF(AM10>=0.37, 5, IF(AM10>=0.29, 4, IF(AM10>=0.2, 3, "U"))))))), IF(AM10>=0.63, 5, IF(AM10>=0.51, 4, IF(AM10>=0.4, 3, IF(AM10>=0.28, 2, IF(AM10>=0.18, 1, "U")))))) | AO10: =IF(ISNUMBER(AN10), AN10-H10, "N/A") | AP10: =COUNTIF(J10:AK10, 0) | AQ10: =IF(AP10=0, "Fully Compliant (100%)", IF(AP10<=3, "ACTION REQUIRED (" & AP10 & " Pending)", "CRITICAL DEFICIT (" & AP10 & " Pending)"))
A11: ='Student Tracker'!A12 | B11: ='Student Tracker'!B12 | C11: ='Student Tracker'!C12 | D11: ='Student Tracker'!D12 | E11: ='Student Tracker'!E12 | F11: ='Student Tracker'!F12 | G11: ='Student Tracker'!G12 | H11: ='Student Tracker'!H12 | I11: ='Student Tracker'!I12 | T11: 14 | AB11: 11 | AL11: =AVERAGEIF(J11:AK11, ">0") | AM11: =AL11/35 | AN11: =IF(ISNUMBER(SEARCH("Higher", G11)), IF(AM11>=0.77, 9, IF(AM11>=0.66, 8, IF(AM11>=0.57, 7, IF(AM11>=0.46, 6, IF(AM11>=0.37, 5, IF(AM11>=0.29, 4, IF(AM11>=0.2, 3, "U"))))))), IF(AM11>=0.63, 5, IF(AM11>=0.51, 4, IF(AM11>=0.4, 3, IF(AM11>=0.28, 2, IF(AM11>=0.18, 1, "U")))))) | AO11: =IF(ISNUMBER(AN11), AN11-H11, "N/A") | AP11: =COUNTIF(J11:AK11, 0) | AQ11: =IF(AP11=0, "Fully Compliant (100%)", IF(AP11<=3, "ACTION REQUIRED (" & AP11 & " Pending)", "CRITICAL DEFICIT (" & AP11 & " Pending)"))
H12: COHORT TOPIC AVERAGES (/35) | J12: =AVERAGEIF(J5:J11, ">0") | K12: =AVERAGEIF(K5:K11, ">0") | L12: =AVERAGEIF(L5:L11, ">0") | M12: =AVERAGEIF(M5:M11, ">0") | N12: =AVERAGEIF(N5:N11, ">0") | O12: =AVERAGEIF(O5:O11, ">0") | P12: =AVERAGEIF(P5:P11, ">0") | Q12: =AVERAGEIF(Q5:Q11, ">0") | ... AK12: =AVERAGEIF(AK5:AK11, ">0") | AL12: =AVERAGE(AL5:AL11) | AM12: =AVERAGE(AM5:AM11) | AP12: =AVERAGE(AP5:AP11)

Sheet Required Practicals Tracker
A1: GCSE SCIENCE REQUIRED PRACTICALS SPECIFICATION & STUDENT COMPLETION LOG
A3: Subject | B3: RP # | C3: Paper | D3: Practical Title | E3: Applicability | F3: Core Tested Skills & Variables | G3: Typical Exam Questions (15% Weighting) | H3: Zayan Ahmed (Completion) | I3: Sara Khan (Completion) | J3: Marcus Taylor (Completion) | K3: Aaliyah Patel (Completion) | L3: Callum Wright (Completion) | M3: Elana Popa (Completion) | N3: Bilal Wahid (Completion) | O3: Hassan Malik (Completion) | P3: Bilal Wahid (Completion)
A4: Biology | B4: Bio RP1 | C4: Paper 1 | D4: Microscopy | E4: Both (Trilogy & Triple) | F4: Slide prep (iodine/methylene blue), magnification equation M=I/A, scale bars | G4: Calculating magnification, resolving power, labeling cell structures | H4: Completed | I4: Completed | J4: Completed | K4: Completed | L4: Completed | M4: Outstanding | N4: Outstanding | O4: Completed
A5: Biology | B5: Bio RP2 | C5: Paper 1 | D5: Microbiology | E5: Triple Only | F5: Aseptic technique, nutrient agar, incubation temp (25°C max in school) | G5: Zone of inhibition area (pi*r^2), comparing antiseptic effectiveness | H5: N/A | I5: Completed | J5: N/A | K5: N/A | L5: Completed | M5: N/A | N5: N/A | O5: Completed
A6: Biology | B6: Bio RP3 | C6: Paper 1 | D6: Osmosis | E6: Both (Trilogy & Triple) | F6: Potato cylinders, sucrose conc, drying cylinders, % change in mass graph | G6: Finding isotonic point at 0% mass change, identifying anomalous repeats | H6: Completed | I6: Completed | J6: Outstanding | K6: Completed | L6: Completed | M6: Outstanding | N6: Outstanding | O6: Completed
A7: Biology | B7: Bio RP4 | C7: Paper 1 | D7: Food Tests | E7: Both (Trilogy & Triple) | F7: Benedict's (sugar/water bath), Iodine (starch), Biuret (protein), Sudan III (lipids) | G7: Qualitative colour changes, false positives, safety hazards | H7: Completed | I7: Completed | J7: Completed | K7: Completed | L7: Completed | M7: Outstanding | N7: Completed | O7: Completed
A8: Biology | B8: Bio RP5 | C8: Paper 1 | D8: Enzymes | E8: Both (Trilogy & Triple) | F8: Amylase, starch, buffer solutions (pH 3-9), spotting tile with iodine | G8: Calculating reaction rate (1/time), explaining denaturation at extreme pH | H8: Completed | I8: Completed | J8: Completed | K8: Completed | L8: Completed | M8: Outstanding | N8: Outstanding | O8: Completed
A9: Biology | B9: Bio RP6 | C9: Paper 1 | D9: Photosynthesis | E9: Both (Trilogy & Triple) | F9: Pondweed (Elodea), LED lamp distance, sodium hydrogencarbonate, gas syringe | G9: Inverse square law (1/d^2), limiting factors, light intensity vs distance | H9: Completed | I9: Completed | J9: Completed | K9: Completed | L9: Completed | M9: Outstanding | N9: Outstanding | O9: Completed
A10: Biology | B10: Bio RP7 | C10: Paper 2 | D10: Reaction Time | E10: Both (Trilogy & Triple) | F10: Ruler-drop test, dominant vs non-dominant hand, caffeine/distraction factor | G10: Calculating mean reaction time, converting drop distance to ms, control variables | H10: Completed | I10: Completed | J10: Outstanding | K10: Outstanding | L10: Completed | M10: Outstanding | N10: Outstanding | O10: Completed
A11: Biology | B11: Bio RP8 | C11: Paper 2 | D11: Plant Responses | E11: Triple Only | F11: Mustard/cress seeds, unilateral light, gravity (Petri dish on side) | G11: Auxin distribution, phototropism vs gravitropism explanations | H11: N/A | I11: Completed | J11: N/A | K11: N/A | L11: Outstanding | M11: N/A | N11: N/A | O11: Completed
A12: Biology | B12: Bio RP9 | C12: Paper 2 | D12: Field Investigations | E12: Both (Trilogy & Triple) | F12: Random sampling with 0.25m^2 quadrats, belt transect across gradient | G12: Estimating population size ((Area/sampled)*count), abiotic factors | H12: Outstanding | I12: Completed | J12: Outstanding | K12: Outstanding | L12: Outstanding | M12: Outstanding | N12: Outstanding | O12: Completed
A13: Biology | B13: Bio RP10 | C13: Paper 2 | D13: Decay | E13: Triple Only | F13: Milk, phenolphthalein, sodium carbonate, lipase, water bath temperatures | G13: Enzyme kinetics, temperature coefficient, measuring time to pink-to-colourless | H13: N/A | I13: Completed | J13: N/A | K13: N/A | L13: Outstanding | M13: N/A | N13: N/A | O13: Completed
A14: Chemistry | B14: Chem RP1 | C14: Paper 1 | D14: Making Soluble Salts | E14: Both (Trilogy & Triple) | F14: Sulfuric acid + CuO/excess base, warming, filtration, evaporation basin crystallization | G14: 6-mark method writing, reasons for excess base, crystallization safety | H14: Completed | I14: Completed | J14: Completed | K14: Completed | L14: Completed | M14: Outstanding | N14: Completed | O14: Completed
A15: Chemistry | B15: Chem RP2 | C15: Paper 1 | D15: Neutralisation (Titration) | E15: Triple Only | F15: Burette, volumetric pipette, concordant results (within 0.10 cm^3), indicator | G15: Titration stoichiometry, calculating unknown conc in mol/dm^3 or g/dm^3 | H15: N/A | I15: Completed | J15: N/A | K15: N/A | L15: Completed | M15: N/A | N15: N/A | O15: Completed
... A21: Chemistry | B21: Chem RP8 | C21: Paper 2 | D21: Water Purification | E21: Both (Trilogy & Triple) | F21: Testing pH, evaporating to find dissolved solids, simple distillation setup | G21: Distillation apparatus labeling, potable water vs pure water definitions | H21: Outstanding | I21: Completed | J21: Outstanding | K21: Outstanding | L21: Outstanding | M21: Outstanding | N21: Outstanding | O21: Completed
A22: Physics | B22: Phys RP1 | C22: Paper 1 | D22: Specific Heat Capacity | E22: Both (Trilogy & Triple) | F22: Metal blocks, immersion heater, thermometer, ammeter, voltmeter, insulation | G22: Rearranging delta E = m*c*delta theta, graph gradient (1/c), thermal loss errors | H22: Completed | I22: Completed | J22: Completed | K22: Completed | L22: Completed | M22: Completed | N22: Completed | O22: Completed | P22: Completed
A23: Physics | B23: Phys RP2 | C23: Paper 1 | D23: Thermal Insulation | E23: Triple Only | F23: Beakers with different insulating materials/thickness, cooling curves | G23: Cooling rate comparisons, controlling start temperature and water volume | H23: N/A | I23: Completed | J23: N/A | K23: N/A | L23: Completed | M23: N/A | N23: N/A | O23: Completed
A24: Physics | B24: Phys RP3 | C24: Paper 1 | D24: Resistance of a Wire | E24: Both (Trilogy & Triple) | F24: Nichrome wire length on meter rule, crocodile clips, series/parallel combinations | G24: Direct proportionality of R and L, heating effect control (low current/switch off) | H24: Completed | I24: Completed | J24: Completed | K24: Completed | L24: Completed | M24: Outstanding | N24: Outstanding | O24: Completed
A25: Physics | B25: Phys RP4 | C25: Paper 1 | D25: I-V Characteristics | E25: Both (Trilogy & Triple) | F25: Filament bulb, ohmic resistor, diode, variable resistor, reversing battery polarity | G25: Explaining diode threshold, filament resistance increase due to ion vibration | H25: Completed | I25: Completed | J25: Completed | K25: Completed | L25: Completed | M25: Outstanding | N25: Outstanding | O25: Completed
A26: Physics | B26: Phys RP5 | C26: Paper 1 | D26: Density of Materials | E26: Both (Trilogy & Triple) | F26: Regular solids (ruler/balance), irregular solids (Eureka can/graduated cylinder) | G26: Density = mass/volume, meniscus reading, zero error on top-pan balance | H26: Completed | I26: Completed | J26: Completed | K26: Completed | L26: Completed | M26: Outstanding | N26: Completed | O26: Completed
A27: Physics | B27: Phys RP6 | C27: Paper 2 | D27: Force and Extension | E27: Both (Trilogy & Triple) | F27: Helical spring, clamp stand, slotted masses, meter rule, pointer | G27: Hooke's law (F=ke), spring constant gradient, elastic limit/proportionality | H27: Outstanding | I27: Completed | J27: Outstanding | K27: Outstanding | L27: Completed | M27: Outstanding | N27: Completed | O27: Completed
A28: Physics | B28: Phys RP7 | C28: Paper 2 | D28: Acceleration | E28: Both (Trilogy & Triple) | F28: Dynamics trolley, ramp tilt, light gates, ticker timer, varying falling mass | G28: F=ma verification, terminal velocity, eliminating friction error with slope | H28: Outstanding | I28: Completed | J28: Outstanding | K28: Outstanding | L28: Outstanding | M28: Outstanding | N28: Outstanding | O28: Completed
A29: Physics | B29: Phys RP8 | C29: Paper 2 | D29: Waves | E29: Both (Trilogy & Triple) | F29: Ripple tank (strobe light/motor) & stationary waves on vibrating string | G29: Wave equation v = f*lambda, measuring wavelength over 10 wave peaks | H29: Outstanding | I29: Completed | J29: Outstanding | K29: Outstanding | L29: Outstanding | M29: Outstanding | N29: Outstanding | O29: Completed
A30: Physics | B30: Phys RP9 | C30: Paper 2 | D30: Light (Reflection/Refraction) | E30: Triple Only | F30: Ray box, glass/perspex block, protractor, drawing normal lines | G30: Snell's law, angle of incidence vs angle of refraction, law of reflection | H30: N/A | I30: Outstanding | J30: N/A | K30: N/A | L30: Outstanding | M30: N/A | N30: N/A | O30: Outstanding
A31: Physics | B31: Phys RP10 | C31: Paper 2 | D31: Radiation & Absorption | E31: Both (Trilogy & Triple) | F31: Leslie cube (matte black, shiny black, white, shiny silver), infrared sensor | G31: Infrared emission comparisons, heat detector positioning at equal distance | H31: Outstanding | I31: Completed | J31: Outstanding | K31: Outstanding | L31: Outstanding | M31: Outstanding | N31: Outstanding | O31: Completed
A32: TOTAL OUTSTANDING PRACTICALS | H32: =COUNTIF(H4:H31, "Outstanding") | I32: =COUNTIF(I4:I31, "Outstanding") | J32: =COUNTIF(J4:J31, "Outstanding") | K32: =COUNTIF(K4:K31, "Outstanding") | L32: =COUNTIF(L4:L31, "Outstanding") | M32: =COUNTIF(M4:M31, "Outstanding") | N32: =COUNTIF(N4:N31, "Outstanding") | O32: =COUNTIF(O4:O31, "Outstanding") | P32: =COUNTIF(P4:P31, "Outstanding")

Sheet Paper & Skills Diagnostic
A1: GCSE SCIENCE PAPER 1 & 2 SPLIT, MATHS SKILLS & INTERVENTION DASHBOARD
A3: Student ID | B3: Student Name | C3: Tier | D3: Baseline | E3: Predicted | F3: Paper 1 Avg (/35) | G3: Paper 1 Projected Grade | H3: Paper 2 Avg (/35) | I3: Paper 2 Projected Grade | J3: Maths in Science Score (/30) | K3: RP Confidence Rating | L3: Intervention Priority Index | M3: Diagnostic Strategy
A4: ='Student Tracker'!A5 | B4: ='Student Tracker'!B5 | C4: ='Student Tracker'!G5 | D4: ='Student Tracker'!H5 | E4: ='Student Tracker'!I5 | F4: =AVERAGE('Student Tracker'!J5:M5, 'Student Tracker'!Q5:U5, 'Student Tracker'!AA5:AD5) | G4: =IF(ISNUMBER(SEARCH("Higher", C4)), _xludf.IFS((F4/35)>=0.77, 9, (F4/35)>=0.66, 8, (F4/35)>=0.57, 7, (F4/35)>=0.46, 6, (F4/35)>=0.37, 5, (F4/35)>=0.29, 4, (F4/35)>=0.2, 3, TRUE, "U"), _xludf.IFS((F4/35)>=0.63, 5, (F4/35)>=0.51, 4, (F4/35)>=0.4, 3, (F4/35)>=0.28, 2, (F4/35)>=0.18, 1, TRUE, "U")) | H4: =AVERAGE('Student Tracker'!N5:P5, 'Student Tracker'!V5:Z5, 'Student Tracker'!AE5:AH5) | I4: =IF(ISNUMBER(SEARCH("Higher", C4)), _xludf.IFS((H4/35)>=0.77, 9, (H4/35)>=0.66, 8, (H4/35)>=0.57, 7, (H4/35)>=0.46, 6, (H4/35)>=0.37, 5, (H4/35)>=0.29, 4, (H4/35)>=0.2, 3, TRUE, "U"), _xludf.IFS((H4/35)>=0.63, 5, (H4/35)>=0.51, 4, (H4/35)>=0.4, 3, (H4/35)>=0.28, 2, (H4/35)>=0.18, 1, TRUE, "U")) | J4: 24 | K4: Secure (Amber/Green) | L4: =MAX(0, E4 - 'Student Tracker'!AK5) | M4: =IF(G4>I4, "Target Paper 2 Topics (P2 lag)", IF(I4>G4, "Target Paper 1 Topics (P1 lag)", "Balanced Across Papers"))
A5: ='Student Tracker'!A6 | B5: ='Student Tracker'!B6 | C5: ='Student Tracker'!G6 | D5: ='Student Tracker'!H6 | E5: ='Student Tracker'!I6 | F5: =AVERAGE('Student Tracker'!J6:M6, 'Student Tracker'!Q6:U6, 'Student Tracker'!AA6:AD6) | G5: =IF(ISNUMBER(SEARCH("Higher", C5)), _xludf.IFS((F5/35)>=0.77, 9, (F5/35)>=0.66, 8, (F5/35)>=0.57, 7, (F5/35)>=0.46, 6, (F5/35)>=0.37, 5, (F5/35)>=0.29, 4, (F5/35)>=0.2, 3, TRUE, "U"), _xludf.IFS((F5/35)>=0.63, 5, (F5/35)>=0.51, 4, (F5/35)>=0.4, 3, (F5/35)>=0.28, 2, (F5/35)>=0.18, 1, TRUE, "U")) | H5: =AVERAGE('Student Tracker'!N6:P6, 'Student Tracker'!V6:Z6, 'Student Tracker'!AE6:AH6) | I5: =IF(ISNUMBER(SEARCH("Higher", C5)), _xludf.IFS((H5/35)>=0.77, 9, (H5/35)>=0.66, 8, (H5/35)>=0.57, 7, (H5/35)>=0.46, 6, (H5/35)>=0.37, 5, (H5/35)>=0.29, 4, (H5/35)>=0.2, 3, TRUE, "U"), _xludf.IFS((H5/35)>=0.63, 5, (H5/35)>=0.51, 4, (H5/35)>=0.4, 3, (H5/35)>=0.28, 2, (H5/35)>=0.18, 1, TRUE, "U")) | J5: 27 | K5: Mastery (Green) | L5: =MAX(0, E5 - 'Student Tracker'!AK6) | M5: =IF(G5>I5, "Target Paper 2 Topics (P2 lag)", IF(I5>G5, "Target Paper 1 Topics (P1 lag)", "Balanced Across Papers"))
A6: ='Student Tracker'!A7 | B6: ='Student Tracker'!B7 | C6: ='Student Tracker'!G7 | D6: ='Student Tracker'!H7 | E6: ='Student Tracker'!I7 | F6: =AVERAGE('Student Tracker'!J7:M7, 'Student Tracker'!Q7:U7, 'Student Tracker'!AA7:AD7) | G6: =IF(ISNUMBER(SEARCH("Higher", C6)), _xludf.IFS((F6/35)>=0.77, 9, (F6/35)>=0.66, 8, (F6/35)>=0.57, 7, (F6/35)>=0.46, 6, (F6/35)>=0.37, 5, (F6/35)>=0.29, 4, (F6/35)>=0.2, 3, TRUE, "U"), _xludf.IFS((F6/35)>=0.63, 5, (F6/35)>=0.51, 4, (F6/35)>=0.4, 3, (F6/35)>=0.28, 2, (F6/35)>=0.18, 1, TRUE, "U")) | H6: =AVERAGE('Student Tracker'!N7:P7, 'Student Tracker'!V7:Z7, 'Student Tracker'!AE7:AH7) | I6: =IF(ISNUMBER(SEARCH("Higher", C6)), _xludf.IFS((H6/35)>=0.77, 9, (H6/35)>=0.66, 8, (H6/35)>=0.57, 7, (H6/35)>=0.46, 6, (H6/35)>=0.37, 5, (H6/35)>=0.29, 4, (H6/35)>=0.2, 3, TRUE, "U"), _xludf.IFS((H6/35)>=0.63, 5, (H6/35)>=0.51, 4, (H6/35)>=0.4, 3, (H6/35)>=0.28, 2, (H6/35)>=0.18, 1, TRUE, "U")) | J6: 12 | K6: Developing (Red) | L6: =MAX(0, E6 - 'Student Tracker'!AK7) | M6: =IF(G6>I6, "Target Paper 2 Topics (P2 lag)", IF(I6>G6, "Target Paper 1 Topics (P1 lag)", "Balanced Across Papers"))
A7: ='Student Tracker'!A8 | B7: ='Student Tracker'!B8 | C7: ='Student Tracker'!G8 | D7: ='Student Tracker'!H8 | E7: ='Student Tracker'!I8 | F7: =AVERAGE('Student Tracker'!J8:M8, 'Student Tracker'!Q8:U8, 'Student Tracker'!AA8:AD8) | G7: =IF(ISNUMBER(SEARCH("Higher", C7)), _xludf.IFS((F7/35)>=0.77, 9, (F7/35)>=0.66, 8, (F7/35)>=0.57, 7, (F7/35)>=0.46, 6, (F7/35)>=0.37, 5, (F7/35)>=0.29, 4, (F7/35)>=0.2, 3, TRUE, "U"), _xludf.IFS((F7/35)>=0.63, 5, (F7/35)>=0.51, 4, (F7/35)>=0.4, 3, (F7/35)>=0.28, 2, (F7/35)>=0.18, 1, TRUE, "U")) | H7: =AVERAGE('Student Tracker'!N8:P8, 'Student Tracker'!V8:Z8, 'Student Tracker'!AE8:AH8) | I7: =IF(ISNUMBER(SEARCH("Higher", C7)), _xludf.IFS((H7/35)>=0.77, 9, (H7/35)>=0.66, 8, (H7/35)>=0.57, 7, (H7/35)>=0.46, 6, (H7/35)>=0.37, 5, (H7/35)>=0.29, 4, (H7/35)>=0.2, 3, TRUE, "U"), _xludf.IFS((H7/35)>=0.63, 5, (H7/35)>=0.51, 4, (H7/35)>=0.4, 3, (H7/35)>=0.28, 2, (H7/35)>=0.18, 1, TRUE, "U")) | J7: 15 | K7: Developing (Amber) | L7: =MAX(0, E7 - 'Student Tracker'!AK8) | M7: =IF(G7>I7, "Target Paper 2 Topics (P2 lag)", IF(I7>G7, "Target Paper 1 Topics (P1 lag)", "Balanced Across Papers"))
A8: ='Student Tracker'!A9 | B8: ='Student Tracker'!B9 | C8: ='Student Tracker'!G9 | D8: ='Student Tracker'!H9 | E8: ='Student Tracker'!I9 | F8: =AVERAGE('Student Tracker'!J9:M9, 'Student Tracker'!Q9:U9, 'Student Tracker'!AA9:AD9) | G8: =IF(ISNUMBER(SEARCH("Higher", C8)), _xludf.IFS((F8/35)>=0.77, 9, (F8/35)>=0.66, 8, (F8/35)>=0.57, 7, (F8/35)>=0.46, 6, (F8/35)>=0.37, 5, (F8/35)>=0.29, 4, (F8/35)>=0.2, 3, TRUE, "U"), _xludf.IFS((F8/35)>=0.63, 5, (F8/35)>=0.51, 4, (F8/35)>=0.4, 3, (F8/35)>=0.28, 2, (F8/35)>=0.18, 1, TRUE, "U")) | H8: =AVERAGE('Student Tracker'!N9:P9, 'Student Tracker'!V9:Z9, 'Student Tracker'!AE9:AH9) | I8: =IF(ISNUMBER(SEARCH("Higher", C8)), _xludf.IFS((H8/35)>=0.77, 9, (H8/35)>=0.66, 8, (H8/35)>=0.57, 7, (H8/35)>=0.46, 6, (H8/35)>=0.37, 5, (H8/35)>=0.29, 4, (H8/35)>=0.2, 3, TRUE, "U"), _xludf.IFS((H8/35)>=0.63, 5, (H8/35)>=0.51, 4, (H8/35)>=0.4, 3, (H8/35)>=0.28, 2, (H8/35)>=0.18, 1, TRUE, "U")) | J8: 20 | K8: Secure (Amber) | L8: =MAX(0, E8 - 'Student Tracker'!AK9) | M8: =IF(G8>I8, "Target Paper 2 Topics (P2 lag)", IF(I8>G8, "Target Paper 1 Topics (P1 lag)", "Balanced Across Papers"))
A9: ='Student Tracker'!A10 | B9: ='Student Tracker'!B10 | C9: ='Student Tracker'!G10 | D9: ='Student Tracker'!H10 | E9: ='Student Tracker'!I10 | F9: =AVERAGE('Student Tracker'!J10:M10, 'Student Tracker'!Q10:U10, 'Student Tracker'!AA10:AD10) | G9: =IF(ISNUMBER(SEARCH("Higher", C9)), _xludf.IFS((F9/35)>=0.77, 9, (F9/35)>=0.66, 8, (F9/35)>=0.57, 7, (F9/35)>=0.46, 6, (F9/35)>=0.37, 5, (F9/35)>=0.29, 4, (F9/35)>=0.2, 3, TRUE, "U"), _xludf.IFS((F9/35)>=0.63, 5, (F9/35)>=0.51, 4, (F9/35)>=0.4, 3, (F9/35)>=0.28, 2, (F9/35)>=0.18, 1, TRUE, "U")) | H9: =AVERAGE('Student Tracker'!N10:P10, 'Student Tracker'!V10:Z10, 'Student Tracker'!AE10:AH10) | I9: =IF(ISNUMBER(SEARCH("Higher", C9)), _xludf.IFS((H9/35)>=0.77, 9, (H9/35)>=0.66, 8, (H9/35)>=0.57, 7, (H9/35)>=0.46, 6, (H9/35)>=0.37, 5, (H9/35)>=0.29, 4, (H9/35)>=0.2, 3, TRUE, "U"), _xludf.IFS((H9/35)>=0.63, 5, (H9/35)>=0.51, 4, (H9/35)>=0.4, 3, (H9/35)>=0.28, 2, (H9/35)>=0.18, 1, TRUE, "U")) | J9: 25 | K9: Mastery (Green) | L9: =MAX(0, E9 - 'Student Tracker'!AK10) | M9: =IF(G9>I9, "Target Paper 2 Topics (P2 lag)", IF(I9>G9, "Target Paper 1 Topics (P1 lag)", "Balanced Across Papers"))
A10: ='Student Tracker'!A12 | B10: ='Student Tracker'!B12 | C10: ='Student Tracker'!G12 | D10: ='Student Tracker'!H12 | E10: ='Student Tracker'!I12 | F10: =AVERAGE('Student Tracker'!J12:M12, 'Student Tracker'!Q12:U12, 'Student Tracker'!AA12:AD12) | G10: =IF(ISNUMBER(SEARCH("Higher", C10)), _xludf.IFS((F10/35)>=0.77, 9, (F10/35)>=0.66, 8, (F10/35)>=0.57, 7, (F10/35)>=0.46, 6, (F10/35)>=0.37, 5, (F10/35)>=0.29, 4, (F10/35)>=0.2, 3, TRUE, "U"), _xludf.IFS((F10/35)>=0.63, 5, (F10/35)>=0.51, 4, (F10/35)>=0.4, 3, (F10/35)>=0.28, 2, (F10/35)>=0.18, 1, TRUE, "U")) | H10: =AVERAGE('Student Tracker'!N12:P12, 'Student Tracker'!V12:Z12, 'Student Tracker'!AE12:AH12) | I10: =IF(ISNUMBER(SEARCH("Higher", C10)), _xludf.IFS((H10/35)>=0.77, 9, (H10/35)>=0.66, 8, (H10/35)>=0.57, 7, (H10/35)>=0.46, 6, (H10/35)>=0.37, 5, (H10/35)>=0.29, 4, (H10/35)>=0.2, 3, TRUE, "U"), _xludf.IFS((H10/35)>=0.63, 5, (H10/35)>=0.51, 4, (H10/35)>=0.4, 3, (H10/35)>=0.28, 2, (H10/35)>=0.18, 1, TRUE, "U")) | J10: 10 | K10: Emerging (Red) | L10: =MAX(0, E10 - 'Student Tracker'!AK12) | M10: =IF(G10>I10, "Target Paper 2 Topics (P2 lag)", IF(I10>G10, "Target Paper 1 Topics (P1 lag)", "Balanced Across Papers"))
A11: ='Student Tracker'!#REF! | B11: ='Student Tracker'!#REF! | C11: ='Student Tracker'!#REF! | D11: ='Student Tracker'!#REF! | E11: ='Student Tracker'!#REF! | F11: =AVERAGE('Student Tracker'!#REF!, 'Student Tracker'!#REF!, 'Student Tracker'!#REF!) | G11: =IF(ISNUMBER(SEARCH("Higher", C11)), _xludf.IFS((F11/35)>=0.77, 9, (F11/35)>=0.66, 8, (F11/35)>=0.57, 7, (F11/35)>=0.46, 6, (F11/35)>=0.37, 5, (F11/35)>=0.29, 4, (F11/35)>=0.2, 3, TRUE, "U"), _xludf.IFS((F11/35)>=0.63, 5, (F11/35)>=0.51, 4, (F11/35)>=0.4, 3, (F11/35)>=0.28, 2, (F11/35)>=0.18, 1, TRUE, "U")) | H11: =AVERAGE('Student Tracker'!#REF!, 'Student Tracker'!#REF!, 'Student Tracker'!#REF!) | I11: =IF(ISNUMBER(SEARCH("Higher", C11)), _xludf.IFS((H11/35)>=0.77, 9, (H11/35)>=0.66, 8, (H11/35)>=0.57, 7, (H11/35)>=0.46, 6, (H11/35)>=0.37, 5, (H11/35)>=0.29, 4, (H11/35)>=0.2, 3, TRUE, "U"), _xludf.IFS((H11/35)>=0.63, 5, (H11/35)>=0.51, 4, (H11/35)>=0.4, 3, (H11/35)>=0.28, 2, (H11/35)>=0.18, 1, TRUE, "U")) | J11: 29 | K11: Mastery (Green) | L11: =MAX(0, E11 - 'Student Tracker'!#REF!) | M11: =IF(G11>I11, "Target Paper 2 Topics (P2 lag)", IF(I11>G11, "Target Paper 1 Topics (P1 lag)", "Balanced Across Papers"))

Sheet Grade Boundaries
A1: AQA GCSE Science Grade Boundaries & Scaling (Marks out of 35)
A3: Grade | B3: Higher Min % | C3: Higher Min /35 | D3: Foundation Min % | E3: Foundation Min /35 | F3: Combined Science Dual Grade Equivalent
A4: 9 | B4: 0.77 | C4: 27 | D4: - | E4: - | F4: 9-9 (≥77%)
A5: 8 | B5: 0.66 | C5: 23.1 | D5: - | E5: - | F5: 8-8 / 8-7 (66%-76%)
A6: 7 | B6: 0.57 | C6: 20 | D6: - | E6: - | F6: 7-7 / 7-6 (57%-65%)
A7: 6 | B7: 0.46 | C7: 16.1 | D7: - | E7: - | F7: 6-6 / 6-5 (46%-56%)
A8: 5 | B8: 0.37 | C8: 13 | D8: 0.63 | E8: 22.1 | F8: 5-5 / 5-4 (37%-45% H, ≥63% F)
A9: 4 | B9: 0.29 | C9: 10.2 | D9: 0.51 | E9: 17.9 | F9: 4-4 / 4-3 (29%-36% H, 51%-62% F)
A10: 3 | B10: 0.2 | C10: 7 | D10: 0.4 | E10: 14 | F10: 3-3 (Allowable Higher, 40%-50% F)
A11: 2 | B11: - | C11: - | D11: 0.28 | E11: 9.8 | F11: 2-2 / 2-1 (28%-39% F)
A12: 1 | B12: - | C12: - | D12: 0.18 | E12: 6.3 | F12: 1-1 (18%-27% F)
A13: U | B13: 0 | C13: 0 | D13: 0 | E13: 0 | F13: Ungraded (<20% H, <18% F)

Sheet Class Register
A1: 2026-10-22 | B1: Thursday | C1: 18:00 - 19:00 | D1: GCSE Science Group 11A3F (Daud Farid) | E1: GCSE Science | F1: Present | G1: Baseline Test | H1: First session it was an assessment so homework from next week | I1: Baseline Completed
A2: 2026-10-22 | B2: Thursday | C2: 18:00 - 19:00 | D2: GCSE Science Group 11A3F (Maria Nadeem) | E2: GCSE Science | F2: Present | G2: Baseline Test | H2: First session it was an assessment so homework from next week | I2: Baseline Completed
A3: 2026-10-22 | B3: Thursday | C3: 18:00 - 19:00 | D3: GCSE Science Group 11A3F (Haashim Ali Sadiq) | E3: GCSE Science | F3: Present | G3: Baseline Test | H3: First session it was an assessment so homework from next week | I3: Baseline Completed
A4: 2026-10-23 | B4: Friday | C4: 16:00 - 17:00 | D4: 11A4 Friday 16:00-17:00 (Bilal Wahid) | E4: GCSE Science | F4: Present | G4: Mock Exam | I4: Mock Paper 1 completed

Sheet Saved Classes
A1: ClassName | B1: Students
A2: 11A3 Thursday 18:00 - 19:00 | B2: Maria Nadeem,Daud Farid,Haashim Ali Sadiq
A3: 11A4 Friday 16:00-17:00 | B3: Bilal Wahid

Sheet Student Fees
A1: ClassGroup | B1: StudentName | C1: DueDate | D1: AmountDue | E1: PaymentStatus | F1: Notes
A2: 11A3 Thursday 18:00 - 19:00 | B2: Maria Nadeem | C2: 2026-10-22 | D2: 15 | E2: Paid Up-to-Date | F2: Cash
A3: 11A3 Thursday 18:00 - 19:00 | B3: Daud Farid | C3: 2026-10-22 | D3: 15 | E3: Paid Up-to-Date | F3: Cash
A4: 11A3 Thursday 18:00 - 19:00 | B4: Haashim Ali Sadiq | C4: 2026-10-22 | D4: 0 | E4: Paid Up-to-Date | F4: Cash

Sheet Assessment History
A1: Student ID | B1: Student Name | C1: Assessment Type | D1: Date | E1: Biology (/23) | F1: Chemistry (/23) | G1: Physics (/24) | H1: Total (/70)
A2: SCI-108 | B2: Bilal Wahid | C2: Mock Paper 1 | D2: 2026-10-23 | E2: 12 | F2: 7 | G2: 6 | H2: 25

Sheet Student Profiles
A1: StudentName | B1: StudentID | C1: ParentName | D1: ParentEmail | E1: PrimaryPhone | F1: SecondaryName | G1: SecondaryRelation | H1: SecondaryPhone | I1: AllergiesMedical | J1: SupportNeeds
A2: Bilal Wahid | B2: SCI-108 | C2: Adil Wahid | D2: adil_s_w@yahoo.com | E2: 07863171969 | I2: NA | J2: NA
